Model,Cross-Validation Accuracy
XGBoost,0.7987261146496815
Random Forest,0.8222929936305732
Decision Tree,0.7904458598726114
Bagging,0.821656050955414
AdaBoost,0.6968152866242037
