Teacher Model,Student Model,Cross-Validation Accuracy,Test Accuracy,Precision,Recall,F1-Score
AutoEncoder,XGBoost,0.9985962075229372,0.9985575727430988,0.9985571290326749,0.9985575727430988,0.9985566991242407
AutoEncoder,Random Forest,0.99858515077501,0.9988062670977369,0.9988067659215177,0.9988062670977369,0.9988052651458479
AutoEncoder,Decision Tree,0.9979827338054077,0.9982094006466053,0.9982088574365662,0.9982094006466053,0.9982090674849938
AutoEncoder,Bagging,0.9983585526582868,0.9987565282268093,0.9987563260672694,0.9987565282268093,0.998755775107104
AutoEncoder,AdaBoost,0.9862715477909412,0.9853767719472768,0.9853407266896594,0.9853767719472768,0.9853548977611458
