Model,Accuracy,F1 Score
Teacher,0.9153156472611153,0.9180007385029719
