Model,Accuracy,F1 Score
Teacher,0.8441082072443833,0.8221014237176548
