Model,Accuracy,F1-Score
XGBoost,0.8295165394402035,0.8264985046286691
Random Forest,0.8473282442748091,0.8429446424799893
Decision Tree,0.7964376590330788,0.7954974428192992
Bagging,0.821882951653944,0.8182317906060204
AdaBoost,0.6768447837150128,0.6487967463656743
