Model,Accuracy,F1-Score
XGBoost,0.8083109919571045,0.8043694750382749
Random Forest,0.8254691689008042,0.8215582572232812
Decision Tree,0.7726541554959786,0.7717143815222693
Bagging,0.8227882037533512,0.819732884285159
AdaBoost,0.6983914209115282,0.6772732574223306
