Model,Accuracy,F1-Score
XGBoost,0.996209476309227,0.9962056115832145
Random Forest,0.9974563591022444,0.9974540446984617
Decision Tree,0.9955112219451372,0.9955099187016979
Bagging,0.9963092269326683,0.996305733867198
AdaBoost,0.9837406483790524,0.983722880672382
