Model,Accuracy,F1-Score
XGBoost,0.9966840360018948,0.9966780292723986
Random Forest,0.9971577451444813,0.9971515568981655
Decision Tree,0.9943154902889626,0.994311391107854
Bagging,0.9976314542870678,0.9976288881982882
AdaBoost,0.9848413074372335,0.9847633046871453
